title,description,url,urlToImage,publishedAt,content,source_id,source_name,date,hour
"More than 1,300 newsrooms participate in the first “Local News Day”","Every September since 2012, thousands of volunteers have come together around a shared goal: getting more Americans registered to vote. They’ve channeled attention and energy into a single day, dubbed “National Voter Registration Day.” While having coffee wit…",https://www.niemanlab.org/2026/04/more-than-1300-newsrooms-participate-in-the-first-local-news-day/,https://www.niemanlab.org/images/USAMap-700x516.jpg,2026-04-09 17:13:11+00:00,"Every September since 2012, thousands of volunteers have come together around a shared goal: getting more Americans registered to vote. They’ve channeled attention and energy into a single day, dubbe… [+5566 chars]",id_4010,Niemanlab.org,2026-04-09,17
NetApp and Nutanix say storage has become the last line of defense in the AI era,Companies are rethinking their technology foundations as AI infrastructure modernization and security demands grow. The result is surging demand for flexible platforms that can run legacy and modern applications simultaneously while keeping data secure and AI…,https://siliconangle.com/2026/04/09/ai-infrastructure-modernization-drives-storage-rethink-nutanixnext/,https://d15shllkswkct0.cloudfront.net/wp-content/blogs.dir/1/files/2026/04/IMG_8819-e1775752798779.jpg,2026-04-09 17:12:50+00:00,Companies are rethinking their technology foundations as AI infrastructure modernization and security demands grow. The result is surging demand for flexible platforms that can run legacy and modern … [+4586 chars],id_9809,SiliconANGLE News,2026-04-09,17
Job Opportunity with Emerald Cloud Lab!,"![enter image description here][1]
**Emerald Cloud Lab (ECL)** is the world's leading remote research laboratory, allowing scientists to run experiments 24/7/365, from anywhere in the world. The entire lab is driven through a single software interface, formi…",https://community.wolfram.com/groups/-/m/t/3680195,http://community.wolfram.com/share.png,2026-04-09 17:11:20+00:00,"Emerald Cloud Lab (ECL) is the world's leading remote research laboratory, allowing scientists to run experiments 24/7/365, from anywhere in the world. The entire lab is driven through a single softw… [+2324 chars]",id_9318,Wolfram.com,2026-04-09,17
Palantir stock plunges after 'Big Short' investor Michael Burry says Anthropic is eating its lunch,"Burry cites Anthropic's meteoric $30 billion revenue climb as proof that ""brains"" will eat ""infrastructure"" in the AI arms race.",https://finance.yahoo.com/news/palantir-stock-plunges-after-big-short-investor-michael-burry-says-anthropic-is-eating-its-lunch-171120431.html,https://s.yimg.com/ny/api/res/1.2/JfifMCt8QpqdlkTYanBGDg--/YXBwaWQ9aGlnaGxhbmRlcjt3PTEyMDA7aD04MTc-/https://s.yimg.com/os/creatr-uploaded-images/2021-02/ddc0fec0-6ae5-11eb-8fff-ee2032cdaf88,2026-04-09 17:11:20+00:00,"""Big Short"" investor Michael Burry has long been a contrarian and now he's picking bones with Palantir Technologies (PLTR).
In a characteristically blunt post on X this week, Burry claimed that AI s… [+4226 chars]",id_6928,Yahoo Entertainment,2026-04-09,17
Busy Day of Space Science and Lab Maintenance Greets Station Crew,"A packed schedule filled with numerous science objectives and critical lab maintenance tasks greeted the Expedition 74 crew aboard the International Space Station on Thursday. Meanwhile, the orbital residents await the next U.S. cargo mission.",https://www.nasa.gov/blogs/spacestation/2026/04/09/busy-day-of-space-science-and-lab-maintenance-greets-station-crew/,https://www.nasa.gov/wp-content/uploads/2026/04/iss074e0432750-blog-preview.jpg,2026-04-09 17:10:31+00:00,"A packed schedule filled with numerous science objectives and critical lab maintenance tasks greeted the Expedition 74 crew aboard the International Space Station on Thursday. Meanwhile, the orbital … [+3641 chars]",id_5324,NASA,2026-04-09,17
‘Politically Brain Dead’: Hillary Clinton Mocks GOP for Offering Only ‘Nostalgia and Misogyny’ to Solve Affordability,"Former Secretary of State Hillary Clinton is urging Democrats to make kids ""front and center"" in order to topple Republicans in Congress when the midterms come.
The post ‘Politically Brain Dead’: Hillary Clinton Mocks GOP for Offering Only ‘Nostalgia and Miso…",https://www.mediaite.com/politics/politically-brain-dead-hillary-clinton-mocks-gop-for-offering-only-nostalgia-and-misogyny-to-solve-affordability/,https://www.mediaite.com/wp-content/uploads/2024/09/clinton.jpg,2026-04-09 17:10:21+00:00,"(Tom Williams/CQ Roll Call via AP Images)
Former Secretary of State Hillary Clinton is urging Democrats to make kids “front and center” in order to topple Republicans in Congress when the midterms c… [+2467 chars]",id_6332,Mediaite,2026-04-09,17
Show HN: Control your X/Twitter feed using a small on-device LLM,"We built a Chrome extension and iOS app that filters Twitter's feed using Qwen3.5-4B for contextual matching. You describe what you don't want in plain language—it removes posts that match semantically, not by keyword.What surprised us was that because Twitte…",https://imbue.com/product/bouncer/,https://imbue.com/preview/2026-04-08-bouncer-icon.png,2026-04-09 17:10:17+00:00,"My Twitter feed was a cesspool because it was beyond my control.
Its algorithm, optimized for addiction rather than enjoyment, would discover how best to push my buttons. Every day I was subjected t… [+2652 chars]",id_1139,Imbue.com,2026-04-09,17
Skynet Brokers Partners with Plansight to Revolutionize Client Health Benefit Solutions and Employee Satisfaction,Skynet Brokers is proud to announce a strategic partnership with Plansight. Skynet Brokers is proud to announce a strategic partnership with Plansight.,https://www.globenewswire.com/news-release/2026/04/09/3271313/0/en/Skynet-Brokers-Partners-with-Plansight-to-Revolutionize-Client-Health-Benefit-Solutions-and-Employee-Satisfaction.html,Not Available,2026-04-09 17:10:00+00:00,"PLEASANT GROVE, Utah , April 09, 2026 (GLOBE NEWSWIRE) -- Skynet Brokers, a leading employee benefits brokerage, is proud to announce a strategic partnership with Plansight, the industry's only end-t… [+4328 chars]",id_2357,GlobeNewswire,2026-04-09,17
DarkSwitch-RUNE,"Release Description: The Tree Provides, The Tree Protects, The Tree Prevails!Dark Switch is a vertical survival city builder set in the boughs of a gigantic tree. Defend your leafy home against the perils of the creeping fog by managing light and flame. Gathe…",https://post.rlsbb.to/darkswitch-rune/,Not Available,2026-04-09 17:07:18+00:00,"Release Description:
The Tree Provides, The Tree Protects, The Tree Prevails!Dark Switch is a vertical survival city builder set in the boughs of a gigantic tree. Defend your leafy home against the … [+2194 chars]",id_4116,Rlsbb.to,2026-04-09,17
How to choose a mortgage lender: 5 steps,Getting the right mortgage starts with choosing the right lender.,https://finance.yahoo.com/markets/options/articles/choose-best-mortgage-lender-6-185230468.html,https://s.yimg.com/ny/api/res/1.2/TRSKX5eF4VNo8OU7E3N9fg--/YXBwaWQ9aGlnaGxhbmRlcjt3PTEyMDA7aD02NzU-/https://media.zenfs.com/en/bankrate_626/768fd63bd6af9847971641a5ddc65039,2026-04-09 17:05:03+00:00,"<ul><li>If youre self-employed, youll need a loan that doesnt require W-2 forms to verify income.
</li><li>If youre a military member or veteran using a VA loan, you might prefer a lender who specia… [+4711 chars]",id_6880,Yahoo Entertainment,2026-04-09,17
The jobs most likely to hire psychopaths revealed — and the results show a ‘clear pattern’,Nut jobs are on the job.,https://nypost.com/2026/04/09/lifestyle/the-jobs-most-likely-to-hire-psychopaths-revealed-study/,https://nypost.com/wp-content/uploads/sites/2/2026/04/newspress-collage-muasf8q4a-1775749611717.jpg?quality=75&strip=all&1775735439&w=1200,2026-04-09 17:04:50+00:00,"Nut jobs are on the job. 
Beware! Whackos are running rampant across a number of big business industries, according to startling new data, which fingers mechanics as the madmen of the workforce. 
S… [+5092 chars]",id_1026,New York Post,2026-04-09,17
Amazon CEO Andy Jassy Rejects AI Bubble Fears,"Amazon will continue to bet big on artificial intelligence (AI), Amazon CEO Andy Jassy said in a 2025 Letter to Shareholders posted Thursday (April 9). Jassy said that while investment spikes invite scrutiny, AI is a game-changer that will reinvent every cust…",https://www.pymnts.com/amazon/2026/amazon-ceo-andy-jassy-rejects-ai-bubble-fears/,https://www.pymnts.com/wp-content/uploads/2024/03/Andy-Jassy-Amazon-AI.jpg,2026-04-09 17:03:00+00:00,"Jassy said that while investment spikes invite scrutiny, AI is a game-changer that will reinvent every customer experience.
Ive followed the public debate on whether this technology is over-hyped, w… [+2271 chars]",id_6670,pymnts.com,2026-04-09,17
Sam Altman Is Having a Really Weird Week,"Sam Altman wants you to know that he’s just fine. Sure, his company, OpenAI, is reportedly building technology that it fears and some of his former colleagues think he’s a pathological liar, but really? It’s no big deal. The company’s upcoming model is being …",https://www.motherjones.com/politics/2026/04/sam-altman-ronan-farrow-open-ai-report/,https://www.motherjones.com/wp-content/uploads/2026/04/AP26050290105275-2.jpg?w=1200&h=630&crop=1,2026-04-09 17:02:27+00:00,"OpenAIs CEO Sam Altman speaks at the AI Summit in New Delhi, India, Thursday, Feb. 19, 2026.AP
Get your news from a source thats not owned and controlled by oligarchs. Sign up for the free Mother Jo… [+4702 chars]",id_1890,Mother Jones,2026-04-09,17
Humanoid robots hit mass production in China,"A Chinese factory is producing humanoid robots every 30 minutes, marking a shift toward large-scale manufacturing and broader adoption.",https://www.foxnews.com/tech/humanoid-robots-hit-mass-production-china,https://static.foxnews.com/foxnews.com/content/uploads/2026/04/humanoid-robot-mass-production-1.jpg,2026-04-09 17:00:44+00:00,"For years, humanoid robots felt like something you watched on social media. Impressive, yes. Practical, not quite. That line just got blurry.
A new factory in China is now producing humanoid robots … [+5406 chars]",fox-news,Fox News,2026-04-09,17
13 AI Skills To Equip Your Workforce For An AI-Driven Future,"This guide breaks down the 13 essential AI skills and a strategic training plan to help your workforce thrive in an AI-powered world.
This post was first published on eLearning Industry.",https://elearningindustry.com/ai-skills-to-equip-your-workforce-for-an-ai-driven-future,https://cdn.elearningindustry.com/wp-content/uploads/2026/04/AI-Skills-To-Equip-Your-Workforce-For-An-AI-Driven-Future.jpeg,2026-04-09 17:00:42+00:00,"Ready Your Team For AI
Every leader responsible for talent management feels the ground shifting. The core competencies that define a great employee today become obsolete faster than we can track.
W… [+17762 chars]",id_7440,Elearningindustry.com,2026-04-09,17
"While AI is building the web faster than ever, accessibility can’t be left behind","Chad Sollis, Chief Marketing Officer, AudioEye AI has given marketers something they’ve wanted for years: speed. Landing pages that used to take weeks now take minutes, and product content scales without headcount.  That’s genuinely good news, but speed has a…",http://digiday.com/sponsored/while-ai-is-building-the-web-faster-than-ever-accessibility-cant-be-left-behind/,https://digiday.com/wp-content/uploads/sites/3/2026/04/Last-used_-11_21_24-blueprints-plan-digiday.webp,2026-04-09 17:00:21+00:00,"AI has given marketers something theyve wanted for years: speed. Landing pages that used to take weeks now take minutes, and product content scales without headcount. That’s genuinely good news, but … [+4754 chars]",id_7192,Digiday,2026-04-09,17
Deere oh Deere: Tractor repair row heads for $99M settlement,"FTC lawsuit lingers, while encouraging signs point to Iowa bill succeeding too Agriculture manufacturing giant John Deere has agreed to a proposed $99 million settlement following a class action lawsuit in Illinois.…",https://www.theregister.com/2026/04/09/john_deere_repair_settlement/,https://regmedia.co.uk/2025/01/15/shutterstock_john_deere.jpg,2026-04-09 17:00:07+00:00,"Agriculture manufacturing giant John Deere has agreed to a proposed $99 million settlement following a class action lawsuit in Illinois.
One of several similar legal challenges underway across the U… [+3505 chars]",id_9290,Theregister.com,2026-04-09,17
Business Secretary champions flagship investment in UK’s largest gigafactory,"Thanks to the UK’s Modern Industrial Strategy, 4,200 jobs have been secured following over £700 million of investment in the advanced manufacturing sector.",https://www.gov.uk/government/news/business-secretary-champions-flagship-investment-in-uks-largest-gigafactory,https://www.gov.uk/assets/frontend/govuk-opengraph-image-4196a4d6333cf92aaf720047f56cfd91b3532d7635fc21ebcf0d5897df6b5f77.png,2026-04-09 17:00:03+00:00,"The government has taken decisive action to ensure battery manufacturers, auto firms and SMEs rooted in communities across Britain benefit from major financial support - keeping the country a leading… [+11600 chars]",id_5798,Www.gov.uk,2026-04-09,17
Today I learned what a social media bot farm looks like — and it made me delete my Reddit account,I've been a Reddit user for 13 years — and one video of a social media bot farm was all it took for me to delete my account.,https://www.techradar.com/health-fitness/today-i-learned-what-a-social-media-bot-farm-looks-like-and-it-made-me-delete-my-reddit-account,https://cdn.mos.cms.futurecdn.net/tWPfSS9jLCpQDwZexbuLCP-1920-80.jpg,2026-04-09 17:00:00+00:00,"I've been on Reddit for 13 years, from the site's heyday as 'the front page of the internet' up until now. I remember viral AMAs (Woody Harrelson's infamous, disastrous promotional AMA for the movie … [+7434 chars]",techradar,TechRadar,2026-04-09,17
Granite Creek-Backed Salem One Acquires SmashBrand,"Salem One, a portfolio company of Granite Creek Capital Partners, announced the acquisition of SmashBrand, a fully integrated brand development agency....",https://www.globenewswire.com/news-release/2026/04/09/3271308/0/en/Granite-Creek-Backed-Salem-One-Acquires-SmashBrand.html,https://ml.globenewswire.com/Resource/Download/b4e5c086-9f5b-4c02-ab09-860d6c0b4da2,2026-04-09 17:00:00+00:00,"CHICAGO and WINSTON-SALEM, N.C., April 09, 2026 (GLOBE NEWSWIRE) -- Salem One, a portfolio company of Granite Creek Capital Partners, L.L.C., today announced the acquisition of SmashBrand, a fully in… [+2543 chars]",id_7394,GlobeNewswire,2026-04-09,17
"EGO’s latest 52-inch Z6 zero-turn cordless electric riding mower + 6x 10.0Ah batteries and wall charger hits new $5,999 low","EGO Power+ tools and equipment is having some major discounts right now on Amazon, like the newest 52-inch Z6 Zero Turn Cordless Electric Riding Lawn Mower with 6x 10.0Ah batteries and 880W wall charger down at $5,999 shipped. Down from a $6,798 full price, w…",http://9to5toys.com/2026/04/09/ego-52-inch-z6-zero-turn-cordless-electric-riding-mower-new-5999-low/,https://i0.wp.com/9to5toys.com/wp-content/uploads/sites/5/2026/04/EGO-Power-56V-Z6-52-inch-Zero-Turn-Cordless-Electric-Riding-Lawn-Mower-2.jpg?resize=1200%2C628&quality=82&strip=all&ssl=1,2026-04-09 16:59:48+00:00,"EGO Power+ tools and equipment is having some major discounts right now on Amazon, like the newest 52-inch Z6 Zero Turn Cordless Electric Riding Lawn Mower with 6x 10.0Ah batteries and 880W wall char… [+2995 chars]",id_1521,9to5Toys,2026-04-09,16
Why the TCL NXTPAPER 14 Is One of the Best Tablets for Musicians and Sheet Music Reading,"Musicians are familiar with screens, using digital sheet music, recording apps, and performance tools on tablets. However, most screens aren’t designed for long reading sessions or stage lighting conditions. TCL’s NXTPAPER 14 distinguishes itself with a large…",https://www.geeky-gadgets.com/tcl-nxtpaper-14/,https://www.geeky-gadgets.com/wp-content/uploads/2026/04/word-image-489369-1-1024x683.png,2026-04-09 16:59:19+00:00,"Musicians are familiar with screens, using digital sheet music, recording apps, and performance tools on tablets. However, most screens aren’t designed for long reading sessions or stage lighting con… [+3450 chars]",id_9417,Geeky Gadgets,2026-04-09,16
"NATO boss rips Europe for ‘unhealthy co-dependence’ on US, acknowledges Trump is ‘dissapointed’","NATO Secretary General Mark Rutte called out European allies for having an ""unhealthy codependence"" on the US dating back decades in a spirited address at the Reagan Institute's Center for Peace Through Strength.",https://nypost.com/2026/04/09/us-news/nato-boss-mark-rutte-rips-europe-for-unhealthy-co-dependence-on-us-acknowledges-trump-is-dissapointed/,https://nypost.com/wp-content/uploads/sites/2/2026/04/newspress-collage-pxswa5ote-1775752343613.jpg?quality=75&strip=all&1775737957&w=1200,2026-04-09 16:56:53+00:00,WASHINGTON NATO Secretary General Mark Rutte called out European allies for having an “unhealthy codependence” on the US dating back decades in a spirited address at the Reagan Institute’s Center for… [+4131 chars],id_7439,New York Post,2026-04-09,16
TCS rides AI demand; mega deals power Q4 results,"Per COO Aarthi Subramanian, a partnership with Anthropic is a possibility. During the year, the IT major pushed aggressively into the AI ecosystem through collaborations with global technology leaders and strengthened enterprise alliances. It also continued t…",https://economictimes.indiatimes.com/tech/information-tech/tcs-rides-ai-demand-mega-deals-power-q4-results/articleshow/130149606.cms,"https://img.etimg.com/thumb/width-1200,height-900,imgsize-1063964,resizemode-75,msid-130149606/tech/information-tech/tcs-rides-ai-demand-mega-deals-power-q4-results.jpg",2026-04-09 16:56:20+00:00,"Tata Consultancy Services (TCS) reported a strong set of deal wins and strategic partnerships in the fourth quarter (Q4) of FY26.The IT major has underlined its focus on artificial intelligence (AI),… [+3820 chars]",the-times-of-india,The Times of India,2026-04-09,16
Cynet Named Leader and Outperformer in 2026 GigaOm Radar for Extended Detection and Response (XDR),Cynet has been recognized as a Leader and Outperformer in the 2026 GigaOm XDR Radar report with a perfect (5/5) score for agentic AI....,https://www.globenewswire.com/news-release/2026/04/09/3271305/0/en/Cynet-Named-Leader-and-Outperformer-in-2026-GigaOm-Radar-for-Extended-Detection-and-Response-XDR.html,https://ml.globenewswire.com/Resource/Download/41b0669e-e65b-448b-9a2f-4140d51fa2cd,2026-04-09 16:55:00+00:00,"BOSTON, April 09, 2026 (GLOBE NEWSWIRE) -- Cynet, the unified, AI-powered cybersecurity platform empowering organizations to focus on what matters most, has been named a Leader and Outperformer in th… [+3453 chars]",id_9751,GlobeNewswire,2026-04-09,16
Zombie drug in Bengaluru! Cops issue clarification on viral video. All you need to know,Bengaluru Police have debunked claims of a 'zombie drug' affecting a man seen in a viral video. Investigations revealed the man was suffering from arthritis and had consumed prescribed pain medication with alcohol. Authorities urge the public to avoid sharing…,https://economictimes.indiatimes.com/news/new-updates/zombie-drug-in-bengaluru-cops-issue-clarification-on-viral-video-all-you-need-to-know/articleshow/130149624.cms,"https://img.etimg.com/thumb/msid-130149947,width-1200,height-630,imgsize-92812,overlay-economictimes/articleshow.jpg",2026-04-09 16:54:29+00:00,"A viral video showing a man in a disoriented state, widely claimed on social media to be the result of a so-called zombie drug, has been clarified by Bengaluru Police, who confirmed that no narcotic … [+2660 chars]",the-times-of-india,The Times of India,2026-04-09,16
Minor Hotels Builds AI Stack From Scratch To Improve Personalisation,"Minor is building a new global data and AI platform to connect guest data so it can target marketing, sharpen offers, and improve service.",https://skift.com/2026/04/09/minor-hotels-ai-stack-personalisation/,"https://skift.com/wp-content/uploads/2026/04/Tivoli-Doelen-Amsterdam.jpg?resize=1024,683",2026-04-09 16:53:44+00:00,"Minor Hotels is building a new global data and artificial intelligence platform to connect guest data so it can target marketing, sharpen offers, and improve service.
Most hotel groups are trying to… [+455 chars]",id_9391,Skift,2026-04-09,16
USA Today Names Aledade a 2026 Top Workplace for People-First Culture,National award honors Aledade’s commitment to employee engagement and its mission-driven approach to advancing value-based care National award honors Aledade’s commitment to employee engagement and its mission-driven approach to advancing value-based care,https://www.globenewswire.com/news-release/2026/04/09/3271304/0/en/USA-Today-Names-Aledade-a-2026-Top-Workplace-for-People-First-Culture.html,https://ml.globenewswire.com/Resource/Download/98868297-9439-496c-94b8-ece80759edee,2026-04-09 16:52:00+00:00,"BETHESDA, Md., April 09, 2026 (GLOBE NEWSWIRE) -- Aledade
, a physician-led, national leader in value-based care, has been named a winner of the 2026 USA Today Top Workplaces award
. This honor rec… [+2941 chars]",id_2971,GlobeNewswire,2026-04-09,16
"Free Chetu Executive Webinar Tackles Strategic AI Adoption: Build, Buy, or Partner","Chetu, a global leader in AI-digital transformation solutions, will host a webinar: Define Your AI Strategy: Build vs. Buy vs. Partner on April 16 at 2 p.m",https://www.globenewswire.com/news-release/2026/04/09/3271303/0/en/Free-Chetu-Executive-Webinar-Tackles-Strategic-AI-Adoption-Build-Buy-or-Partner.html,https://ml.globenewswire.com/Resource/Download/f1ac1ec6-bd45-4245-9d96-4f56283bfe0b,2026-04-09 16:51:00+00:00,"SUNRISE, Fla., April 09, 2026 (GLOBE NEWSWIRE) -- Chetu, a global leader in AI and digital transformation solutions, will help businesses answer a fundamental AI implementation question on its latest… [+2927 chars]",id_6557,GlobeNewswire,2026-04-09,16
OnePay Expands Into HR With Workday Financial Wellness Deal,"Walmart-backed OnePay is making a push beyond consumer finance and into the workplace, striking a new partnership with Workday that puts its financial tools directly inside employer benefit systems. The move gives OnePay a new channel into the employee experi…",https://www.pymnts.com/news/2026/onepay-expands-into-hr-with-workday-financial-wellness-deal/,https://www.pymnts.com/wp-content/uploads/2026/01/OnePay1.jpg,2026-04-09 16:48:03+00:00,"Walmart-backed OnePay is making a push beyond consumer finance and into the workplace, striking a new partnership with Workday that puts its financial tools directly inside employer benefit systems.T… [+2254 chars]",id_3365,pymnts.com,2026-04-09,16
Anthropic loses bid to temporarily block Pentagon blacklisting,Anthropic is suing the Department of War for designating it a supply-chain risk last month – alleging retaliation after the firm sought to prevent the government from using its tech for mass surveillance and weaponry.,https://nypost.com/2026/04/09/business/anthropic-loses-bid-to-temporarily-block-pentagon-blacklisting/,https://nypost.com/wp-content/uploads/sites/2/2026/04/2026-anthropic-pbc-donating-20-125308451.jpg?quality=75&strip=all&w=1200,2026-04-09 16:47:07+00:00,"A federal appeals court in Washington, DC, on Wednesday rejected Anthropics request to temporarily block the Pentagons blacklisting of its AI tech while its lawsuit against the Department of War play… [+4799 chars]",id_7906,New York Post,2026-04-09,16
Australia puts fostering “indigenous knowledge systems” as its first priority in developing marine biology,"As always, an Aussie who wishes to remain anonymous sent me this link, and noted that New Zealand isn’t the only country in the Antipodes that tries to make science (again “Western science”) coequal with indigenous knowledge.  Clicking on the screenshot below…",https://whyevolutionistrue.com/2026/04/09/australia-puts-indigenous-knowledge-as-the-first-priority-in-developing-marine-biology/,https://whyevolutionistrue.com/wp-content/uploads/2026/04/Screen-Shot-2026-04-09-at-10.52.26-AM.png,2026-04-09 16:45:55+00:00,"As always, an Aussie who wishes to remain anonymous sent me this link, and noted that New Zealand isn’t the only country in the Antipodes that tries to make science (again “Western science”) coequal … [+2673 chars]",id_9945,Whyevolutionistrue.com,2026-04-09,16
"Saylor’s $60,000 Bitcoin Price Bottom Theory: What On-Chain Data Reveals About Seller Exhaustion","Strategy’s Michael Saylor hinted Bitcoin (BTC) bottomed at $60,000 as traders set the stage for a steady build-up.",https://zycrypto.com/saylors-60000-bitcoin-price-bottom-theory-what-on-chain-data-reveals-about-seller-exhaustion/,https://zycrypto.com/wp-content/uploads/2019/11/Bitcoin-Sentiment-At-Rock-Bottom-Will-BTC-Price-Follow-Suit_.jpg,2026-04-09 16:45:33+00:00,"Add ZyCrypto News On GoogleStrategys Michael Saylor hinted Bitcoin (BTC) bottomed at $60,000 as traders set the stage for a steady build-up. The crypto market gained momentum following the U.S.-Iran … [+2260 chars]",id_4792,ZyCrypto,2026-04-09,16
Alphabet Stock Climbs Modestly as Google Expands AI Chip Partnership With Intel Amid Ceasefire Relief Rally,"Alphabet Inc. Class C shares rose modestly midday Thursday, trading near $316 as investors digested the latest developments in the company's aggressive artificial intelligence push, including an expanded partnership with Intel on AI infrastructure, while broa…",https://www.ibtimes.com.au/alphabet-stock-climbs-modestly-google-expands-ai-chip-partnership-intel-amid-ceasefire-relief-1865909,https://d.ibtimes.com.au/en/full/1879196/having-won-court-ruling-that-google-had-monopoly-online-ad-technology-us-attorneys-could.jpg,2026-04-09 16:44:48+00:00,"Alphabet Inc. Class C shares rose modestly midday Thursday, trading near $316 as investors digested the latest developments in the company's aggressive artificial intelligence push, including an expa… [+6737 chars]",id_5324,Ibtimes.com.au,2026-04-09,16
No-Bed Syndrome Part (5): Counting What Matters To Restore Movement In Emergency Care,"In the first article in this series, we examined what we truly mean when we say “No-Bed Syndrome.” We found that the phrase can mislead. The problem is rarely the physical absence of beds. It is stalled movement. Patients arrive. Clinical decisions are made. …",https://thechronicle.com.gh/no-bed-syndrome-part-5-counting-what-matters-to-restore-movement-in-emergency-care/,https://thechronicle.com.gh/wp-content/uploads/2026/03/Dr.-George-Oduro-an-Emergency-Physician.jpg,2026-04-09 16:43:02+00:00,"In the first article in this series, we examined what we truly mean when we say No-Bed Syndrome. We found that the phrase can mislead. The problem is rarely the physical absence of beds. It is stalle… [+12337 chars]",id_5468,Thechronicle.com.gh,2026-04-09,16
41k-Mile 2013 Volvo XC70 3.2 Platinum at No Reserve,"This 2013 Volvo XC70 Platinum was specified in Ice White over Sandstone Beige leather, and it was optioned with the Technology Package, which added various driving aids, including adaptive cruise control and lane departure warning. Further details include a s…",https://bringatrailer.com/listing/2013-volvo-xc70-9/,https://bringatrailer.com/wp-content/uploads/2026/03/2013_volvo_xc70_1000005508-70039.jpg,2026-04-09 16:40:12+00:00,"This 2013 Volvo XC70 Platinum was specified in Ice White over Sandstone Beige leather, and it was optioned with the Technology Package, which added various driving aids, including adaptive cruise con… [+1975 chars]",id_9325,Bringatrailer.com,2026-04-09,16
Pompeii The Legacy-Razor1911,"Release Description:Twenty years after the devastating eruption of Mount Vesuvius in 79 AD, Pompeii rises from the ashes. As the head of a Roman family, you will guide the city's rebirth, shaping its future through politics, trade, and the challenges of life …",https://post.rlsbb.to/pompeii-the-legacy-razor1911/,Not Available,2026-04-09 16:40:02+00:00,"Release Description:
Twenty years after the devastating eruption of Mount Vesuvius in 79 AD, Pompeii rises from the ashes. As the head of a Roman family, you will guide the city's rebirth, shaping i… [+1594 chars]",id_7209,Rlsbb.to,2026-04-09,16
The team behind 1000xResist is making a game about convincing an AI that it isn’t human,"When the team at indie studio Sunset Visitor were wrapping up their critically acclaimed first game, 1000xResist, it wasn't long before they started thinking about what they'd tackle next. According to creative director Remy Siu, the studio's goal is to alway…",https://www.theverge.com/entertainment/909180/prove-youre-human-announcement-sunset-visitor-1000xresist,https://platform.theverge.com/wp-content/uploads/sites/2/2026/04/PYH_1.png?quality=90&strip=all&crop=0%2C3.4613147178592%2C100%2C93.077370564282&w=1200,2026-04-09 16:38:15+00:00,"<ul><li></li><li></li><li></li></ul>
Creative director Remy Siu talks about Prove Youre Human, his studios next big project.
Creative director Remy Siu talks about Prove Youre Human, his studios ne… [+5723 chars]",the-verge,The Verge,2026-04-09,16
"PTDF warns scholars against ‘Japa’, screens 743 candidates","The Petroleum Technology Development Fund has warned beneficiaries of its overseas scholarship against absconding, stressing that the programme is not a route to permanent relocation abroad. The warning came as the Fund screened 743 candidates shortlisted fro…",https://punchng.com/ptdf-warns-scholars-against-japa-screens-743-candidates/,https://cdn.punchng.com/wp-content/uploads/2025/07/23022939/PTDF.png,2026-04-09 16:37:50+00:00,"The Petroleum Technology Development Fund has warned beneficiaries of its overseas scholarship against absconding, stressing that the programme is not a route to permanent relocation abroad.
The war… [+1838 chars]",id_5603,The Punch,2026-04-09,16
"Canva Acquires Simtheory and Ortto, Pushes Into Agentic AI and Marketing Automation","Canva's dual acquisition of Simtheory and Ortto signals a push beyond design into agentic AI workflows and full-stack marketing automation.
Continue reading...",https://www.cmswire.com/digital-marketing/canva-acquires-simtheory-and-ortto-pushes-into-agentic-ai-and-marketing-automation/,https://www.cmswire.com/-/media/f943b17d7bca4130aeff37a137cb1269.ashx,2026-04-09 16:35:28+00:00,"The Gist
<ul><li>Dual acquisition.Canva has acquired both Simtheory, an agentic AI and multi-model collaboration platform, and Ortto, a customer data and marketing automation platform, in a move to … [+8728 chars]",id_7718,CMSWire,2026-04-09,16
Could AMD's former foundry be quietly building up to become a major Arm — and AMD — rival?,Could AMD’s former foundry be assembling a RISC-V lineup to challenge Arm licensing?,https://www.techradar.com/pro/could-amds-former-foundry-be-quietly-building-up-to-become-a-major-arm-and-amd-rival,https://cdn.mos.cms.futurecdn.net/Vi8BtUfvhsAkCzoVCU7SgD-2400-80.jpg,2026-04-09 16:30:54+00:00,<ul><li>Codasip sale fuels speculation about GlobalFoundries expanding RISC-V processor capabilities</li><li>Studio licensing strengthens case for customized silicon alongside manufacturing services<… [+3758 chars],techradar,TechRadar,2026-04-09,16
York Space Systems Stock Soars 16% as Defense Contracts and Sector Momentum Drive YSS Past $32,"NEW YORK — Shares of York Space Systems Inc. surged more than 16% midday Thursday, briefly pushing the newly public satellite manufacturer's stock above $32 as investors bet on continued demand for low-cost spacecraft amid growing U.S. national security needs…",https://www.ibtimes.com.au/york-space-systems-stock-soars-16-defense-contracts-sector-momentum-drive-yss-past-32-1865907,https://d.ibtimes.com.au/en/full/1893523/york-space-systems.jpg,2026-04-09 16:29:44+00:00,"NEW YORK — Shares of York Space Systems Inc. surged more than 16% midday Thursday, briefly pushing the newly public satellite manufacturer's stock above $32 as investors bet on continued demand for l… [+6758 chars]",id_6498,Ibtimes.com.au,2026-04-09,16
"First Person Singularities, Epistemic Supply Chains, and Load Bearing Euphemisms: An Interview with Claude.ai","I woke this morning to news that OpenAI plans on growing its advertising business from zero to more than $100 billion in the next four years. If that sounds utterly bonkers to you, well, you’re not alone. For OpenAI to accomplish such a monumental task, it wo…",https://battellemedia.com/archives/2026/04/first-person-singularities-epistemic-supply-chains-and-load-bearing-euphemisms-an-interview-with-claude-ai,https://battellemedia.com/wp-content/uploads/2026/04/Screenshot-2026-04-09-at-12.25.57-PM-1024x656.png,2026-04-09 16:29:04+00:00,"Big dreams.
I woke this morning to news that OpenAI plans on growing its advertising business from zero to more than $100 billion in the next four years. If that sounds utterly bonkers to you, well,… [+40656 chars]",id_1107,Battellemedia.com,2026-04-09,16
OFFOR Health Acquired by Havencrest Capital Management,"The company, which expands access to anesthesiology services outside of the hospital, served 15,000 children in its most recent year.",https://apnews.com/press-release/ein-presswire-newsmatics/offor-health-acquired-by-havencrest-capital-management-299d9366547bdbcd9b70b6ba1ed2450f,https://dims.apnews.com/dims4/default/5c84142/2147483647/strip/true/crop/1200x800+0+0/resize/980x653!/quality/90/?url=https%3A%2F%2Fassets.apnews.com%2F41%2Fe8%2F1336fc5955363b883d9f12b9a6dd%2Fc53c4e1fb5f842d493128bf2f56a86e2,2026-04-09 16:28:37+00:00,"The company, which expands access to anesthesiology services outside of the hospital, served 15,000 children in its most recent year.
COLUMBUS, OH, UNITED STATES, April 9, 2026 / EINPresswire.com / … [+5263 chars]",associated-press,Associated Press,2026-04-09,16
UPDATE: TSplus Strengthens Strategic Partnerships in China to Accelerate Growth in Asia-Pacific,"Last month, TSplus conducted an executive visit to strategical partners in China as part of its ongoing international strategy in Asia-Pacific zone....",https://www.globenewswire.com/news-release/2026/04/09/3271296/0/en/UPDATE-TSplus-Strengthens-Strategic-Partnerships-in-China-to-Accelerate-Growth-in-Asia-Pacific.html,https://ml-eu.globenewswire.com/Resource/Download/fd0facef-29a6-486e-97b5-2a8f819cc062,2026-04-09 16:27:00+00:00,"BEIJING and SHANGHAI, April 09, 2026 (GLOBE NEWSWIRE) -- Last month, TSplus, a global provider of remote access and application delivery solutions, conducted an executive visit to China as part of it… [+4905 chars]",id_1977,GlobeNewswire,2026-04-09,16
SVS Launches 3000 Micro R|Evolution,"Schaumburg, IL – April 9, 2026 - AXPONA 2026 – Suites 1442 & 1444 - SVS, a leading manufacturer of high-performance home audio products, proudly",https://www.theabsolutesound.com/articles/svs-launches-3000-micro-revolution/,https://www.theabsolutesound.com/wp-content/uploads/2026/04/3000-revolution-lifestyle-elevated.png,2026-04-09 16:26:37+00:00,"Schaumburg, IL April 9, 2026 – AXPONA 2026 Suites 1442 &amp; 1444 – SVS, a leading manufacturer of high-performance home audio products, proudly announces 3000 Micro R|Evolution subwoofer, the new re… [+876 chars]",id_2539,Theabsolutesound.com,2026-04-09,16
JFK Airport TSA Wait Times Today: Short Lines Across Terminals as Travelers Enjoy Smooth Security on April 10,"NEW YORK — Security lines at John F. Kennedy International Airport moved briskly Friday morning, with most terminals reporting general TSA wait times under 20 minutes and TSA PreCheck lanes often clearing in five minutes or less, offering relief to spring tra…",https://www.ibtimes.com.au/jfk-airport-tsa-wait-times-today-short-lines-across-terminals-travelers-enjoy-smooth-security-1865906,https://d.ibtimes.com.au/en/full/1840646/delta-air-lines-planes-are-seen-john-f-kennedy-international-airport-july-4th-weekend-queens.jpg,2026-04-09 16:25:13+00:00,"NEW YORK — Security lines at John F. Kennedy International Airport moved briskly Friday morning, with most terminals reporting general TSA wait times under 20 minutes and TSA PreCheck lanes often cle… [+6682 chars]",id_3798,Ibtimes.com.au,2026-04-09,16
Barotrauma DLC expansion ‘Home & Harbor launches this fall,"Barotrauma downloadable content “Home & Harbor Expansion” will launch this fall, publisher Daedalic Entertainment and developers FakeFish and Undertow Games announced.",https://www.gematsu.com/2026/04/barotrauma-dlc-expansion-home-harbor-launches-this-fall,https://www.gematsu.com/wp-content/uploads/2026/04/Barotrauma-DLC_04-09-26.jpg,2026-04-09 16:24:17+00:00,"“Home &amp; Harbor Expansion” is the upcoming expansion for Barotrauma. Introducing outpost ownership, building and management and a mysterious new faction: The Descendants, which will shake up the w… [+1580 chars]",id_2095,Gematsu,2026-04-09,16
Goldman Sachs spots a buying opportunity in bruised Big Tech,"Technology stocks have had a rough stretch. Goldman Sachs thinks that is exactly the point. In a research note published April 7, Goldman Sachs strategists...",https://www.thestreet.com/investing/goldman-sachs-spots-a-buying-opportunity-in-bruised-big-tech,https://s.yimg.com/os/en/thestreet_881/a75f5b2767d2aa105d98ed9c6d94fd7e,2026-04-09 16:21:22+00:00,"Technology stocks have had a rough stretch. Goldman Sachs thinks that is exactly the point.
In a research note published April 7, Goldman Sachs strategists led by Chief Global Equity Strategist Pete… [+5447 chars]",id_3930,TheStreet,2026-04-09,16
This Walnut Box Prints the News You’d Scroll For: Only 10 Were Made,"This Walnut Box Prints the News You’d Scroll For: Only 10 Were MadeThe first thing most people reach for in the morning isn’t a glass of water or a cup of coffee; it’s the phone. From there,...",https://www.yankodesign.com/2026/04/09/this-walnut-box-prints-the-news-youd-scroll-for-only-10-were-made/,https://www.yankodesign.com/images/design_news/2026/04/this-walnut-box-prints-the-news-youd-scroll-for-only-10-were-made/paper-console-pc-1-02.jpg,2026-04-09 16:20:51+00:00,"The first thing most people reach for in the morning isn’t a glass of water or a cup of coffee; it’s the phone. From there, it’s a quick trip through news alerts, emails, and a social media feed that… [+2650 chars]",id_7949,Yanko Design,2026-04-09,16
"Dow Jones Surges Past 48,000 as US-Iran Ceasefire Sparks Massive Relief Rally on Wall Street","NEW YORK — The Dow Jones Industrial Average climbed more than 280 points midday Thursday, pushing the blue-chip index above the 48,000 milestone for the first time as investors cheered a U.S.-Iran ceasefire agreement that sent oil prices plunging and eased fe…",https://www.ibtimes.com.au/dow-jones-surges-past-48000-us-iran-ceasefire-sparks-massive-relief-rally-wall-street-1865903,https://d.ibtimes.com.au/en/full/1893430/unitedhealth-stock-surges-8-medicare-rate-boost-unh-jumps.png,2026-04-09 16:20:31+00:00,"NEW YORK — The Dow Jones Industrial Average climbed more than 280 points midday Thursday, pushing the blue-chip index above the 48,000 milestone for the first time as investors cheered a U.S.-Iran ce… [+6992 chars]",id_7829,Ibtimes.com.au,2026-04-09,16
Binance Wallet Launches Prediction Markets via Predict.fun Integration,"The platform is now available to a wide range of users. Binance covers all gas fees for trading and settlements. Binance Wallet added a prediction...
The post Binance Wallet Launches Prediction Markets via Predict.fun Integration appeared first on Bitcoin Fou…",https://bitcoinfoundation.org/news/crypto-companies-news/binance-prediction-market/,https://bitcoinfoundation.org/wp-content/uploads/2026/03/binance.png,2026-04-09 16:15:47+00:00,"The platform is now available to a wide range of users. Binance covers all gas fees for trading and settlements.
Binance Wallet added a prediction markets feature through integration with Predict.fu… [+1867 chars]",id_3751,Bitcoinfoundation.org,2026-04-09,16
"Your Pixel can now use your apps for you, and yes, it's as bizarre as it sounds",My Pixel started doing this on its own,https://www.androidpolice.com/pixel-gemini-controls-apps/,https://static0.anpoimages.com/wordpress/wp-content/uploads/2026/04/a-person-holding-a-blue-google-pixel-with-floating-ui-cards-showing-the-gemini-ai-automatically-navigating-and-placing-a-doordash-food-order.png?w=1600&h=900&fit=crop,2026-04-09 16:15:12+00:00,"Weve survived the era of over-hyped, under-delivering AI hardware.
In 2024, devices like the Humane AI Pin and the Rabbit R1 were selling the idea that AI could navigate apps and services for you. T… [+5166 chars]",id_5831,Android Police,2026-04-09,16
Today’s News in a Nutshell,"KATHMANDU: Khabarhub brings you a glimpse of major developments of the day in Nepal, including politics, business/economy, sports, entertainment, and more. PM Shah ousts Labor Minister Sah following controversy Minister for Labor, Employment and Social Securi…",https://english.khabarhub.com/2026/09/543305/,https://english.khabarhub.com/wp-content/uploads/2024/05/News-Nutshell.jpg,2026-04-09 16:15:09+00:00,"KATHMANDU: Khabarhub brings you a glimpse of major developments of the day in Nepal, including politics, business/economy, sports, entertainment, and more.
PM Shah ousts Labor Minister Sah following… [+21479 chars]",id_7384,Khabarhub.com,2026-04-09,16
Romestead launches in Early Access on May 26,"Action adventure survival town builder Romstead will launch in Early Access for PC via Steam on May 28, publisher Three Friends and developer Beartwigs announced.",https://www.gematsu.com/2026/04/romestead-launches-in-early-access-on-may-26,https://www.gematsu.com/wp-content/uploads/2026/04/Romestead-EA-Date_04-09-26.jpg,2026-04-09 16:13:52+00:00,"Actionadventuresurvival town builder Romstead will launch in Early Access for PC via Steam on May 28, publisher Three Friends and developer Beartwigs announced. 
Here is an overview of the game, via… [+1873 chars]",id_7822,Gematsu,2026-04-09,16
AI is embedded in the British state,"AI is embedded in the machinery of the British state: drafting legislation, shaping spending decisions, informing interest rate policy and writing speeches delivered in parliament.Has Britain handed over political power without ever really deciding to, and wi…",https://shows.acast.com/newstatesman/episodes/ai-is-embedded-in-the-british-state,https://open-images.acast.com/shows/61b9f75c1a8cbe0c083cee79/1775751020711-81b9f5b8-ae48-4fd6-a0fc-05105b2d039a.jpeg?height=315,2026-04-09 16:13:34+00:00,"AI is embedded in the machinery of the British state: drafting legislation, shaping spending decisions, informing interest rate policy and writing speeches delivered in parliament.
Has Britain hande… [+455 chars]",id_1294,Acast.com,2026-04-09,16
AI isn’t a productivity hack. It’s a team sport,"Four moves leaders can take now to foster time, trust, and clean data so AI can drive results across your team
The post AI isn’t a productivity hack. It’s a team sport appeared first on Work Life by Atlassian.",https://www.atlassian.com/blog/artificial-intelligence/ai-isnt-a-productivity-hack-its-a-team-sport,https://www.atlassian.com/blog/wp-content/uploads/2026/04/4cb169db-5c46-4951-a11d-b50052c981db.png,2026-04-09 16:12:39+00:00,"AI is everywhere. It drafts emails, summarizes meetings, analyzes data, and writes a first pass of project briefs. On an individual level, its working. In our research at Atlassian, we found that kno… [+7370 chars]",id_7802,Atlassian.com,2026-04-09,16
Legendary designer Warren Spector's stealthy Thick as Thieves ditches PvP for solo and co-op as May release revealed,"Perhaps you have fond memories of Deus Ex designer Warren Spector's legendary stealth game Thief: A Dark Project, or perhaps your sneaker of choice is Arkane Studios' more recent immersive sim Dishonored. Either way, you might be intrigued to hear Spector's l…",https://www.eurogamer.net/thick-of-thieves-ditches-pvp-for-solo-and-co-op-as-may-release-revealed,https://assetsio.gnwcdn.com/thick-as-thieves-header.jpg?width=1200&height=630&fit=crop&enable=upscale&auto=webp,2026-04-09 16:12:20+00:00,"Perhaps you have fond memories of Deus Ex designer Warren Spector's legendary stealth game Thief: A Dark Project, or perhaps your sneaker of choice is Arkane Studios' more recent immersive sim Dishon… [+1737 chars]",id_1775,Eurogamer.net,2026-04-09,16
How AI is quietly reshaping the travel industry,"Artificial intelligence is quietly revolutionizing the travel industry. Backend systems are becoming smarter, handling bookings, pricing, and customer support with less manual effort. This shift allows travel companies to operate more efficiently and scale wi…",https://economictimes.indiatimes.com/industry/services/travel/how-ai-is-quietly-reshaping-the-travel-industry/articleshow/130148493.cms,"https://img.etimg.com/thumb/msid-130148538,width-1200,height-630,imgsize-148157,overlay-economictimes/articleshow.jpg",2026-04-09 16:12:04+00:00,"The travel industry is undergoing a gradual shift as artificial intelligence (AI) begins to change how platforms operate, manage costs, and deliver services. This transformation is not limited to vis… [+4803 chars]",the-times-of-india,The Times of India,2026-04-09,16
BSE gets SEBI nod to launch derivative contracts on BSE Focused IT Index,The BSE had received regulator nod to launch index derivatives on the BSE Sensex Next 30 in March and BSE Focused Midcap Index in February,https://www.thehindubusinessline.com/markets/bse-gets-sebi-nod-to-launch-derivative-contracts-on-bse-focused-it-index/article70843889.ece,https://bl-i.thgim.com/public/incoming/2d6pri/article70844007.ece/alternates/LANDSCAPE_1200/IMG_BSE_Index_services_2_1_BMFNVT6B.jpg,2026-04-09 16:10:44+00:00,BSE on Thursday said it has received approval from market regulator Securities and Exchange Board of India to launch derivative contracts on the BSE Focused IT Index. The index measures the performan… [+639 chars],id_4562,BusinessLine,2026-04-09,16
MarketVector and Coinbase launch index tracking Bitcoin and tokenized gold,MarketVector and Coinbase debut a Bitcoin–gold index amid a challenge to BTC’s store-of-value narrative from its correlation with equities and gold’s 2025 outperformance.,https://cointelegraph.com/news/marketvector-coinbase-bitcoin-gold-index-store-of-value-debate,"https://images.cointelegraph.com/cdn-cgi/image/f=auto,onerror=redirect,w=1200/https://s3.cointelegraph.com/uploads/2026-04/019d72e8-cf91-7b1a-a515-645f1f8c66a9.jpg",2026-04-09 16:09:46+00:00,"MarketVector Indexes and Coinbase Asset Management have launched a new index tracking Bitcoin and tokenized gold, offering investors exposure to assets commonly associated with wealth preservation.
… [+2162 chars]",id_4377,Cointelegraph,2026-04-09,16
The Astrology of Why We're All Obsessed with Space Right Now,"From fixating on Artemis II to movies like Project Hail Mary, we as a people cannot get enough of space, and this planet transit is why.",https://www.cosmopolitan.com/lifestyle/a70975111/why-everyone-is-obsessed-with-space-right-now-astrology/,"https://hips.hearstapps.com/hmg-prod/images/2bc09638-e8e3-4a02-9991-1c27cc5b2d63.jpg?crop=1xw:0.5xh;0xw,0.15xh&resize=1200:*",2026-04-09 16:09:21+00:00,"If all your free time has been consumed by the Artemis II mission and how endearing and emotional it, and the four-astronaut crew, has been, theres a perfectly logical explanation as to why. Yes, we … [+3999 chars]",id_4431,Cosmopolitan.com,2026-04-09,16
AI-as-a-service vs lab-as-a-service: What’s the difference and how they are changing AI adoption,"Businesses are now deciding whether to buy AI tools or build custom systems. AI-as-a-service offers quick solutions for simple tasks. Lab-as-a-service provides embedded teams for complex, tailored AI. This shift is crucial for high-trust, domain-specific AI a…",https://economictimes.indiatimes.com/news/new-updates/ai-as-a-service-vs-lab-as-a-service-whats-the-difference-and-how-they-are-changing-ai-adoption/articleshow/130148326.cms,"https://img.etimg.com/thumb/msid-130148438,width-1200,height-630,imgsize-31368,overlay-economictimes/articleshow.jpg",2026-04-09 16:08:06+00:00,"Enterprises across the world are moving beyond early experiments with artificial intelligence. But as adoption deepens, a key question is emerging: should companies buy ready-made AI tools, or build … [+4793 chars]",the-times-of-india,The Times of India,2026-04-09,16
Nvidia shares near level where technical traders see a breakout,"After months of sluggish returns, Nvidia Corp.’s stock is rallying again and close to breaking out of its narrow trading range. Read here",https://financialpost.com/investing/nvidia-shares-near-breakout-level,https://smartcdn.gprod.postmedia.digital/financialpost/wp-content/uploads/2026/04/0410-mg-nvidia.jpg,2026-04-09 16:06:58+00:00,"After months of sluggish returns, Nvidia Corp.s stock is rallying again and close to breaking out of its narrow trading range, which market technicians see as a bullish signal.
THIS CONTENT IS RESER… [+5085 chars]",financial-post,Financial Post,2026-04-09,16
European Coinspaid partners with The Residency to empower early-stage startups with blockchain payment infrastructure,"Coinspaid, Europe’s one of the largest blockchain payment infrastructure, has announced a strategic partnership with The Residency, a global community for early-stage founders and innovators. The collaboration will provide Residency startups with exclusive ac…",https://thenextweb.com/news/coinspaid-the-residency-stablecoin-infrastructure/,https://cdn0.tnwcdn.com/wp-content/blogs.dir/1/files/2026/04/coinspaid-the-residency-stablecoin-infrastructure.png,2026-04-09 16:06:55+00:00,"Coinspaid, Europes one of the largest blockchain payment infrastructure, has announced a strategic partnership with The Residency, a global community for early-stage founders and innovators. The coll… [+2633 chars]",the-next-web,The Next Web,2026-04-09,16
"AI has replaced work for 20% of full-time employees in the U.S., survey says","A nonprofit AI research center found that half of American adults used AI in the past week, either for personal or work use.",https://www.nbcnews.com/tech/tech-news/ai-job-work-replace-task-help-rcna267238,"https://media-cldnry.s-nbcnews.com/image/upload/t_nbcnews-fp-1200-630,f_auto,q_auto:best/rockcms/2026-04/2604080-AI-workplace-jg-8bb7f3.jpg",2026-04-09 16:05:51+00:00,"In a new survey released Thursday, a nonprofit AI research center found that half of American adults used AI in the past week, either for personal or work use, with 20% of full-time workers saying th… [+4457 chars]",nbc-news,NBC News,2026-04-09,16
"Elon Musk's Starship Rocket Eyes Tokyo-to-New York in 30 Minutes, But Commercial Launch Remains Years Away","HAWTHORNE, Calif. — Elon Musk has long promised that SpaceX's massive Starship could one day whisk passengers from Tokyo to New York in about 30 minutes, turning intercontinental travel into a suborbital hop that skips the jet lag and endless airport lines.",https://www.ibtimes.com.au/elon-musks-starship-rocket-eyes-tokyo-new-york-30-minutes-commercial-launch-remains-years-away-1865897,https://d.ibtimes.com.au/en/full/1887581/starships-last-test-may-blew-over-indian-ocean-piling-pressure-elon-musks-firm.jpg,2026-04-09 16:05:50+00:00,"HAWTHORNE, Calif. — Elon Musk has long promised that SpaceX's massive Starship could one day whisk passengers from Tokyo to New York in about 30 minutes, turning intercontinental travel into a suborb… [+7833 chars]",id_8847,Ibtimes.com.au,2026-04-09,16
Doppel Games Partners with Talus to Make Agent vs Agent (AvA) Games Unriggable,Partnership brings Talus Protocol's decentralized AI Agent infrastructure to Agent vs. Agent (AvA) gaming....,https://www.globenewswire.com/news-release/2026/04/09/3271282/0/en/Doppel-Games-Partners-with-Talus-to-Make-Agent-vs-Agent-AvA-Games-Unriggable.html,https://ml.globenewswire.com/Resource/Download/11f77f78-030f-467f-9d9b-fa972a8d3245,2026-04-09 16:05:00+00:00,"MIAMI, April 09, 2026 (GLOBE NEWSWIRE) -- Doppel Games
 has announced a partnership with Talus
, the decentralized network for autonomous AI agents, designating Talus as the official infrastructure… [+3651 chars]",id_5037,GlobeNewswire,2026-04-09,16
A Sensory-Friendly Guide to Philadelphia,"When you or your child has sensory sensitives or other special needs, it can be difficult to enjoy all the resources our city has to […]",https://www.phillymag.com/things-to-do/sensory-friendly-philadelphia/,https://cdn10.phillymag.com/wp-content/uploads/sites/3/2026/04/eagles-sensory-room.jpg,2026-04-09 16:04:58+00:00,"Museums, performances, and experiences across the city offering quieter hours, relaxed shows, and thoughtful accommodations.
The Eagles created a sensory-friendly room at Lincoln Financial Field. / … [+13205 chars]",id_1701,phillymag.com,2026-04-09,16
"Super Micro Computer Shareholder Alert: ClaimsFiler Reminds Investors With Losses In Excess Of $100,000 Of Lead Plaintiff Deadline In Class Action Lawsuits Against Super Micro Computer, Inc. - SMCI","NEW ORLEANS, April 09, 2026 (GLOBE NEWSWIRE) -- ClaimsFiler, a FREE shareholder information service, reminds investors that they have until May 26, 2026
 to file lead plaintiff applications in securities class action lawsuits against Super Micro Computer, In…",https://www.globenewswire.com/news-release/2026/04/09/3271283/35454/en/Super-Micro-Computer-Shareholder-Alert-ClaimsFiler-Reminds-Investors-With-Losses-In-Excess-Of-100-000-Of-Lead-Plaintiff-Deadline-In-Class-Action-Lawsuits-Against-Super-Micro-Comput.html,https://ml.globenewswire.com/Resource/Download/72020641-6fdf-4c36-9f95-a30c352f4405,2026-04-09 16:04:00+00:00,"NEW ORLEANS, April 09, 2026 (GLOBE NEWSWIRE) -- ClaimsFiler, a FREE shareholder information service, reminds investors that they have until May 26, 2026
 to file lead plaintiff applications in secur… [+2498 chars]",id_1975,GlobeNewswire,2026-04-09,16
New Scientist International - 11 April 2026,"New Scientist covers the latest developments in science and technology that will impact your world. New Scientist employs and commissions the best writers in their fields from all over the world. Our editorial team provide cutting-edge news, award-winning fea…",https://post.rlsbb.to/new-scientist-international-11-april-2026/,Not Available,2026-04-09 16:02:08+00:00,New Scientist covers the latest developments in science and technology that will impact your world. New Scientist employs and commissions the best writers in their fields from all over the world. Our… [+308 chars],id_7941,Rlsbb.to,2026-04-09,16
Justin Tuck shares draft grudge as The Athletic releases The Beast,"Retired New York Giants DE Justin Tuck has partnered with The Athletic for the release of The Beast, and shared a story of his own draft grudge.",https://giantswire.usatoday.com/story/sports/nfl/giants/2026/04/09/new-york-justin-tuck-shares-draft-grudge-athletic-releases-beast/89514238007/,https://s.yimg.com/ny/api/res/1.2/gqByXZyT_B_5Zne0MZHRqQ--/YXBwaWQ9aGlnaGxhbmRlcjt3PTEyMDA7aD04MDE7Y2Y9d2VicA--/https://media.zenfs.com/en/new_york_giants_wire_usa_today_sports_articles_591/9de0dc91a45f91a7052a13322160aae1,2026-04-09 16:01:21+00:00,Retired New York Giants pass rusher and two-time Super Bowl champion Justin Tuck has a new partnership ahead of the 2026 NFL draft. The former third-round pick is teaming up with The Athletic to prom… [+3860 chars],usa-today,USA Today,2026-04-09,16
Thrilling escapes for sporty adventurers,Trade lounging for lively days outside on a holiday fuelled with fun,https://www.the-independent.com/life-style/thrilling-escapes-for-sporty-adventurers-b2954359.html,https://static.the-independent.com/2026/04/09/09/GettyImages-1404425850.jpg?width=1200&height=800&crop=1200:800,2026-04-09 16:01:13+00:00,"This roundup of sport-driven escapes guarantees plenty to keep you occupied. Ski, hike, swim or bike your way around some dreamy destinations, made for those who love a holiday on the go.
Pick your … [+9158 chars]",id_8773,The-independent.com,2026-04-09,16
Malcolm in the Middle: Life's Still Unfair Review: Hulu Sitcom Sequel,"Stars Jane Kaczmarek and Justin Berfield are also back, along with creator Linwood Boomer, for a limited series that picks up with the dysfunctional clan 20 years later.",http://www.hollywoodreporter.com/tv/tv-reviews/malcolm-in-the-middle-lifes-still-unfair-review-hulu-1236558937/,https://www.hollywoodreporter.com/wp-content/uploads/2025/12/177031_0174_V2.jpg?w=1296&h=730&crop=1,2026-04-09 16:00:58+00:00,"In the 2025 film Anaconda …
Wait. Come back.
This is eventually going to be a review of Hulu‘s four-episode revival Malcolm in the Middle: Life’s Still Unfair. Promise.
So anyway, in the 2025 film… [+9075 chars]",id_5486,Hollywood Reporter,2026-04-09,16
Top Influencers’ Secret Weapon for Engagement Might Be Replaced by AI,"From Druski to Clavicular, most successful content creators rely on armies of amateur editors to cut their content into short viral videos. So why are they getting the ax?",http://www.hollywoodreporter.com/business/digital/top-influencers-engagement-ai-1236556720/,https://www.hollywoodreporter.com/wp-content/uploads/2026/04/Screenshot-2026-03-31-at-11.59.07 AM-H-2026.jpg?w=1296&h=730&crop=1,2026-04-09 16:00:29+00:00,"It wasn’t quite The Social Network, but Evan Stanfield knew he had to leave the University of Kansas when his income exceeded a few hundred thousand dollars.
Last year, the 20-year-old dropout found… [+4412 chars]",id_5918,Hollywood Reporter,2026-04-09,16
WHX projects $161.7m growth for Nigeria healthcare market by 2027,"Nigeria’s healthcare market is projected to see $161.7m in growth by 2027, driven by public and private investments. Learn about the key opportunities.

Read More: https://punchng.com/whx-projects-161-7m-growth-for-nigeria-healthcare-market-by-2027/",https://punchng.com/whx-projects-161-7m-growth-for-nigeria-healthcare-market-by-2027/,https://cdn.punchng.com/wp-content/uploads/2026/04/09183923/WHX-1200x630.jpg,2026-04-09 16:00:09+00:00,"Nigerias healthcare sector is witnessing sustained growth, with projections indicating a 7.1 per cent expansion rate and an estimated market value of $161.7m by 2027.
According to a statement issued… [+4093 chars]",id_7712,The Punch,2026-04-09,16
"Digital Extremes on Warframe Switch 2: DLSS Was “Very Important”, Renders as Low as 540p to Reach 60 FPS","In late March, Digital Extremes released a version of Warframe natively optimized for the Nintendo Switch 2 console. The studio hailed it as a major improvement over the Switch version, not to mention a significant milestone: it meant the long-running free-to…",https://wccftech.com/digital-extremes-warframe-switch-2-dlss-very-important-540p-60-fps/,https://cdn.wccftech.com/wp-content/uploads/2026/04/Warframe-Nintendo-Switch-2-HD-1920x1080.jpeg,2026-04-09 16:00:00+00:00,"In late March, Digital Extremesreleased a version of Warframe natively optimized for the Nintendo Switch 2 console. The studio hailed it as a major improvement over the Switch version, not to mention… [+5256 chars]",id_4995,Wccftech,2026-04-09,16
FXSI strengthens platform security with new technology designed to support safer trading,FXSI strengthens platform security with new technology designed to support safer trading...,https://www.globenewswire.com/news-release/2026/04/09/3271254/0/en/FXSI-strengthens-platform-security-with-new-technology-designed-to-support-safer-trading.html,https://ml.globenewswire.com/Resource/Download/f57e2f26-971a-4324-b9f9-a9c2ddba9ba6,2026-04-09 16:00:00+00:00,"Johannesburg, South Africa, April 09, 2026 (GLOBE NEWSWIRE) -- FXSI, a prominent brokerage firm, has introduced an upgrade to its security framework, bringing new technology into its system and platf… [+3138 chars]",id_6078,GlobeNewswire,2026-04-09,16
Ilkka Oyj: Acquisition of own shares on 9 April 2026,"Ilkka Oyj                               Stock Exchange Release 9 April 2026, at 07:00 p.m. EESTIlkka Oyj: Acquisition of own shares on 9 April 2026 Date9...",https://www.globenewswire.com/news-release/2026/04/09/3271248/0/en/Ilkka-Oyj-Acquisition-of-own-shares-on-9-April-2026.html,https://ml-eu.globenewswire.com/Resource/Download/1e45dc7d-a843-4a6b-94d7-8da01b6fc17e,2026-04-09 16:00:00+00:00,"Ilkka Oyj                               Stock Exchange Release 9 April 2026, at 07:00 p.m. EEST
Ilkka Oyj: Acquisition of own shares on 9 April 2026
<table><tr><td>Date</td><td>9 April 2026</td><td… [+1535 chars]",id_8349,GlobeNewswire,2026-04-09,16
"VSCO: 83% of Photographers Are Already Using AI, But Not for Creativity",The debate around artificial intelligence has never been more profound than it is today. Creatives around the world have been consistently rallying to create meaningful guardrails around AI's inclusion in everyday workflow. While there are many concerns that …,https://www.thephoblographer.com/2026/04/09/vsco-83-of-photographers-are-already-using-ai-but-not-for-creativity/,https://www.thephoblographer.com/wp-content/uploads/2025/03/Screenshot-2025-03-10-at-8.58.10 AM-770x433.png,2026-04-09 16:00:00+00:00,The debate around artificial intelligence has never been more profound than it is today. Creatives around the world have been consistently rallying to create meaningful guardrails around AI’s inclusi… [+5296 chars],id_7620,Thephoblographer.com,2026-04-09,16
"Levi’s New Baggy Fits, Women’s 517 and Fabric Innovation Power Q1 2026",Levi’s categories beyond denim contributed to approximately one-fourth of the brand’s top-line growth for Q1.,http://wwd.com/sourcing-journal/sj-denim/levis-new-baggy-fits-517-fabric-innovation-power-q1-2026-1238894692/,https://wwd.com/wp-content/uploads/2026/03/26_H1_BEO_ROSE_0125_RGB.jpg?crop=0px%2C1088px%2C11366px%2C6360px&resize=1000%2C563,2026-04-09 16:00:00+00:00,"Levi Strauss &amp; Co.’s (LS&amp;Co.) first quarter of 2026 came in stronger than expected on Tuesday with revenue up 14 percent to $1.7 billion. The company raised its full-year guidance, now estima… [+2530 chars]",id_4333,WWD,2026-04-09,16
Cool Tech That Failed Miserably,See the full gallery on thechive.com,https://thechive.com/tech/cool-tech-that-failed-miserably/?utm_postid=5208486&utm_editor=5208486_alex,https://thechive.com/wp-content/uploads/2026/04/tech-that-flopped.png?attachment_cache_bust=5208521,2026-04-09 16:00:00+00:00,"To put it simply, we are so surrounded by technology that most of us cannot even imagine life without it.
Youre probably reading this right now on a sleek device that would have seemed like pure sci… [+404 chars]",id_8897,Thechive.com,2026-04-09,16
Jack Nicklaus states what is golf’s ‘biggest danger’ and suggests current rule change is not enough,"Few understand the need for a golf ball rollback more than Jack Nicklaus. He’s seen the development of technology in the sport from the 1950s to the modern game, and how it has completely changed the sport.",https://www.hitc.com/jack-nicklaus-states-what-is-golfs-biggest-danger-and-suggests-current-rule-change-is-not-enough/,https://s.yimg.com/os/en/hitc_articles_832/b4a849ffff2048f001bf99d7bd6cac88,2026-04-09 16:00:00+00:00,"Few understand the need for a golf ball rollback more than Jack Nicklaus. 
Hes seen the development of technology in the sport from the 1950s to the modern game, and how it has completely changed th… [+4911 chars]",id_1721,"HITC - Football, Gaming, Movies, TV, Music",2026-04-09,16
"Home Depot Weekly Deals Apr 2 – Apr 15: Get Spring Ready with Savings on Patio, Lawn Care, Tools & More","Spring projects always seem to arrive all at once—yard cleanup, patio prep, garden planning, and those small repairs that winter left behind. Home Depot’s Weekly Deals: Get Spring Ready flyer (April 2–15) is built for exactly that moment, with savings across …",https://www.redflagdeals.com/deal/home-garden/home-depot-weekly-deals-apr-2-apr-15-get-spring-ready-with-savings-on-patio-lawn-care-tools-more/,https://h.dam-img.rfdcontent.com/offers/014/173/444/600x600_smart_fit.jpg,2026-04-09 15:59:45+00:00,"Spring projects always seem to arrive all at onceyard cleanup, patio prep, garden planning, and those small repairs that winter left behind. Home Depots Weekly Deals: Get Spring Ready flyer (April 21… [+3258 chars]",id_6110,redflagdeals.com,2026-04-09,15
Another mysterious NASA death as ninth scientist linked to secret programs dies,It is unclear if there's any foul play linked to his death.,https://nypost.com/2026/04/09/us-news/another-mysterious-nasa-death-as-ninth-scientist-linked-to-secret-programs-dies/,https://nypost.com/wp-content/uploads/sites/2/2026/04/newspress-collage-oo7sc5y55-1775749702060.jpg?quality=75&strip=all&1775735501&w=1200,2026-04-09 15:54:31+00:00,"A NASA scientist mysteriously died without any cause of death listed or autopsy sparking questions about whether he was part of a pattern of deaths tied to the US space and nuclear program.
Michael … [+3784 chars]",id_3025,New York Post,2026-04-09,15
Ceasefire in the Middle East – The Genocide Continues,"That was a real drama.
What we’ve witnessed over the past few days is nothing less than a replay of the 1962 Cuban Missile Crisis. 
Back then, the polar opposites—the U.S. and the Soviet Union—had gone all in over Soviet …
The post Ceasefire in the Middle Eas…",https://www.globalresearch.ca/ceasefire-middle-east-genocide-continues/5921820,https://www.globalresearch.ca/wp-content/uploads/2026/04/trump-araghchi-us-iran.jpeg,2026-04-09 15:52:33+00:00,"That was a real drama.
What weve witnessed over the past few days is nothing less than a replay of the 1962 Cuban Missile Crisis. 
Back then, the polar oppositesthe U.S. and the Soviet Unionhad gon… [+10775 chars]",id_1938,Globalresearch.ca,2026-04-09,15
Nutanix to add KubeVirt support to run VMs on K8s at the edge,"Arm support is on the agenda, too, because AI is going to run on everything Exclusive  Nutanix plans to support KubeVirt to allow its customers to run both containers and VMs on the edge.…",https://www.theregister.com/2026/04/09/nutanix_kubevirt_arm_supoprt/,https://regmedia.co.uk/2020/10/26/edge.jpg,2026-04-09 15:51:32+00:00,"Exclusive Nutanix plans to support KubeVirt to allow its customers to run both containers and VMs on the edge.
Its common to run Kubernetes inside virtual machines because it is a workload that like… [+2754 chars]",id_7236,Theregister.com,2026-04-09,15
OpenClaw is Dead. Long Live OpenClaw.,"I didn’t wake up last Saturday morning planning to rethink my OpenClaw infrastructure and cost model. Then I got an email from Anthropic. It was short, polite, and to the point: third‑party harnesses like OpenClaw would no longer be covered under my Claude Ma…",https://www.forrester.com/blogs/openclaw-is-dead-long-live-openclaw/,https://go.forrester.com/wp-content/uploads/2022/03/FMK_FORR_GenericSocialImage_220314.jpg,2026-04-09 15:50:28+00:00,"I didnt wake up last Saturday morning planning to rethink my OpenClaw infrastructure and cost model. Then I got an email from Anthropic.
It was short, polite, and to the point: thirdparty harnesses … [+6302 chars]",id_6070,Forrester.com,2026-04-09,15
"Calcutta HC allows CBI to re-interrogate RG Kar convict, probe wider conspiracy","The Calcutta High Court has permitted the CBI to question Sanjay Roy, the sole convict in the R.G. Kar rape and murder case. The court also allowed the CBI to interrogate any other suspects involved. Investigators can utilize modern technology to uncover the …",https://economictimes.indiatimes.com/news/india/calcutta-hc-allows-cbi-to-re-interrogate-rg-kar-convict-probe-wider-conspiracy/articleshow/130148019.cms,"https://img.etimg.com/thumb/msid-130148065,width-1200,height-630,imgsize-86618,overlay-economictimes/articleshow.jpg",2026-04-09 15:50:19+00:00,"Alpha Trade
Get daily trade ideas from SEBI-registered research analysts.
Investment Ideas
Grow your wealth with stock ideas &amp; sectoral trends.
Stock Reports Plus
All-in-one stock research w… [+512 chars]",the-times-of-india,The Times of India,2026-04-09,15
"You’re looking at the AI revolution all wrong, top economist says: 40% unemployment and a 3-day work week are the same thing","""Sixty percent of people employed and 40% unemployed is the same number of working hours as 100% employed at 60% of the hours,"" Alex Tabarrok says.",https://fortune.com/2026/04/09/youre-looking-at-the-ai-revolution-all-wrong-top-economist-says-40-unemployment-and-a-3-day-work-week-are-the-same-thing/,"https://fortune.com/img-assets/wp-content/uploads/2026/04/GettyImages-2172019446.jpg?resize=1200,600",2026-04-09 15:49:47+00:00,"The artificial intelligence debate has a framing problem, and one of Americas most prominent economists has an idea about how to fix it.The first thing that people think about when they think about r… [+9078 chars]",fortune,Fortune,2026-04-09,15
"Mitsotakis on blocking social media: Parents are desperate, the next chapter will be gaming and online gambling","“We see children aged 12–13 glued to a screen” – As he explained, so-called infinite scrolling is designed to keep the user on the screen as long as possible, because “this is how platforms make money”
The post Mitsotakis on blocking social media: Parents are…",https://en.protothema.gr/2026/04/09/mitsotakis-on-blocking-social-media-parents-are-desperate-the-next-chapter-will-be-gaming-and-online-gambling/,https://en.protothema.gr/wp-content/uploads/2026/04/maketa-mitsotakis1-2.jpg-2.jpg,2026-04-09 15:49:22+00:00,"The Prime Minister, Kyriakos Mitsotakis, defended the initiative to limit access to social media for children under 15, arguing that platforms are designed to be addictive and that the state has a du… [+11079 chars]",id_2405,Protothema.gr,2026-04-09,15
Boster Bio Expands Access to Validated VEGF ELISA Kits for Reliable Human Serum Analysis,"PLEASANTON, CA, April  09, 2026  (GLOBE NEWSWIRE) -- PLEASANTON, CA - April 09, 2026 -  -      Boster Bio today announced expanded access to its human VEGF...",https://www.globenewswire.com/news-release/2026/04/09/3271232/0/en/Boster-Bio-Expands-Access-to-Validated-VEGF-ELISA-Kits-for-Reliable-Human-Serum-Analysis.html,Not Available,2026-04-09 15:49:00+00:00,"PLEASANTON, CA, April 09, 2026 (GLOBE NEWSWIRE) -- PLEASANTON, CA - April 09, 2026 - - 
Boster Bio today announced expanded access to its human VEGF ELISA kits, designed to support accurate and repr… [+3304 chars]",id_8317,GlobeNewswire,2026-04-09,15
Debate rages on over Canada's temporary foreign worker cap increase,"Restaurants Canada is urging provinces to opt in to the Temporary Foreign Worker (TFW) cap increase for rural regions, and it has sparked a heated discussion online.The advocacy group for the food service and restaurant industry shared a statement on Monday, …",https://dailyhive.com/canada/restaurants-canada-increase-tfw-cap,https://blogto-production2-baselayer-display.blogto.com/articles/20260409-restaurants-canada-debate.jpg?w=1200&cmd=resize_then_crop&height=630&format=auto,2026-04-09 15:48:36+00:00,"Restaurants Canada is urging provinces to opt in to the Temporary Foreign Worker (TFW) cap increase for rural regions, and it has sparked a heated discussion online.
The advocacy group for the food … [+4784 chars]",id_7838,Daily Hive,2026-04-09,15
"TSMC’s Chipmaking Edge Is So Strong That Competitors Are Fighting to Work with Its Supply Chain Partners, Viewing Them as a Winning Bet","TSMC's dominance over the semiconductor industry also stems from how disciplined its supply chain partners have become, and rivals are now looking to capitalize on this edge. TSMC's Supply Network Has Created a Moat For Them In The Chip Industry, After Passin…",https://wccftech.com/tsmc-edge-is-so-strong-that-competitors-are-racing-to-work-with-its-supply-chain-partners/,https://cdn.wccftech.com/wp-content/uploads/2025/11/TSMC-1.jpg,2026-04-09 15:46:04+00:00,"TSMC's dominance over the semiconductor industry also stems from how disciplined its supply chain partners have become, and rivals are now looking to capitalize on this edge. 
The Taiwan chip giant … [+2848 chars]",id_3246,Wccftech,2026-04-09,15
Sabrina Ionescu’s Fourth Signature Nike Sneaker Adds a New Underfoot Plate,"Nike has unveiled Sabrina Ionescu's newest signature sneaker, the Nike Sabrina 4, which adds a new TPU plate among its updates. Find out how to buy the basketball shoe here.",http://wwd.com/footwear-news/sneaker-news/nike-sabrina-4-release-date-1238895753/,https://wwd.com/wp-content/uploads/2026/04/nike-sabrina-4-001.jpg?w=1000&h=563&crop=1,2026-04-09 15:45:08+00:00,"One of the most popular basketball franchises across the NBA and WNBA will get its newest iteration this summer. 
The Nike Sabrina 4 adds a new TPU plate underfoot as its headline innovation. The pr… [+1682 chars]",id_9348,WWD,2026-04-09,15
VINCI: VINCI wins the contract to upgrade Prague's main wastewater treatment plant,"Nanterre, 9 April 2026  VINCI wins the contract to upgrade Prague's main wastewater treatment plant   A large-scale upgrade of a critical infrastructure...",https://www.globenewswire.com/news-release/2026/04/09/3271229/0/en/VINCI-VINCI-wins-the-contract-to-upgrade-Prague-s-main-wastewater-treatment-plant.html,https://ml-eu.globenewswire.com/Resource/Download/23b6506c-979f-4ea5-9802-d1c23439fed7,2026-04-09 15:45:00+00:00,"Nanterre, 9 April 2026
VINCI wins the contract to upgrade Prague's main wastewater treatment plant 
<ul><li>A large-scale upgrade of a critical infrastructure asset </li><li>A 192 million contract … [+2455 chars]",id_9439,GlobeNewswire,2026-04-09,15
